Trainee;1;John;Doe;John.Doe;password12;TRUE;15.04.1987;456 Elm St
Trainee;2;Jane;Smith;Jane.Smith;password34;TRUE;10.05.1990;123 Main St
Trainee;3;Michael;Brown;Michael.Brown;password56;TRUE;23.08.1985;789 Oak St
Trainee;4;Emily;Davis;Emily.Davis;password78;TRUE;02.02.1992;321 Pine St
Trainee;5;David;Wilson;David.Wilson;password90;TRUE;12.11.1988;654 Maple St
Trainee;6;Emma;Johnson;Emma.Johnson;password01;TRUE;25.09.1993;987 Cedar St
Trainee;7;James;Jones;James.Jones;password23;TRUE;17.06.1986;741 Birch St
Trainee;8;Sophia;Miller;Sophia.Miller;password45;TRUE;04.12.1991;852 Walnut St
Trainee;9;Daniel;Moore;Daniel.Moore;password67;TRUE;28.03.1989;963 Cherry St
Trainee;10;Olivia;Taylor;Olivia.Taylor;password89;TRUE;07.07.1994;174 Willow St
Trainee;11;Benjamin;Anderson;Benjamin.Anderson;password22;TRUE;19.01.1988;285 Poplar St
Trainee;12;Ava;Thomas;Ava.Thomas;password44;TRUE;03.10.1992;396 Cypress St
Trainee;13;Matthew;Jackson;Matthew.Jackson;password66;TRUE;14.02.1990;507 Redwood St
Trainee;14;Isabella;White;Isabella.White;password88;TRUE;30.09.1995;618 Dogwood St
Trainee;15;Christopher;Harris;Christopher.Harris;password11;TRUE;11.04.1987;729 Sycamore St
Trainee;16;Mia;Martin;Mia.Martin;password33;TRUE;21.05.1991;830 Magnolia St
Trainee;17;Alexander;Lee;Alexander.Lee;password55;TRUE;09.08.1989;941 Hickory St
Trainee;18;Charlotte;Perez;Charlotte.Perez;password77;TRUE;16.11.1993;152 Ash St
Trainee;19;Joshua;Clark;Joshua.Clark;password99;TRUE;06.03.1988;263 Fir St
Trainee;20;Amelia;Rodriguez;Amelia.Rodriguez;password00;TRUE;22.07.1992;374 Palm St
Trainer;21;Alice;Garcia;Alice.Garcia;passwrd101;TRUE;ORDINARY;
Trainer;22;Liam;Martinez;Liam.Martinez;passwrd102;TRUE;POWERLIFTING;
Trainer;23;Evelyn;Robinson;Evelyn.Robinson;passwrd103;TRUE;CALISTHENICS;
Trainer;24;Noah;Lopez;Noah.Lopez;passwrd104;TRUE;CROSSFIT;
Trainer;25;Scarlett;Gonzalez;Scarlett.Gonzalez;passwrd105;TRUE;YOGA;
Trainer;26;Elijah;Wilson;Elijah.Wilson;passwrd106;TRUE;PILATES;
Trainer;27;Grace;Anderson;Grace.Anderson;passwrd107;TRUE;ORDINARY;
Trainer;28;Henry;Thomas;Henry.Thomas;passwrd108;TRUE;POWERLIFTING;
Trainer;29;Victoria;Jackson;Victoria.Jackson;passwrd109;TRUE;CALISTHENICS;
Trainer;30;Sebastian;White;Sebastian.White;passwrd110;TRUE;CROSSFIT;
Trainer;31;Zoe;Harris;Zoe.Harris;passwrd111;TRUE;YOGA;
Trainer;32;Owen;Lewis;Owen.Lewis;passwrd112;TRUE;PILATES;
Trainer;33;Lucy;Walker;Lucy.Walker;passwrd113;TRUE;ORDINARY;
Trainer;34;Jack;Young;Jack.Young;passwrd114;TRUE;POWERLIFTING;
Trainer;35;Ella;King;Ella.King;passwrd115;TRUE;CALISTHENICS;
Trainer;36;Samuel;Wright;Samuel.Wright;passwrd116;TRUE;CROSSFIT;
Trainer;37;Lily;Scott;Lily.Scott;passwrd117;TRUE;YOGA;
Trainer;38;Jacob;Green;Jacob.Green;passwrd118;TRUE;PILATES;
Trainer;39;Aria;Baker;Aria.Baker;passwrd119;TRUE;ORDINARY;
Trainer;40;Mason;Carter;Mason.Carter;passwrd120;TRUE;POWERLIFTING;
Training;1;1;21;Morning Workout;CROSSFIT;29.08.2024;60;
Training;2;2;22;Strength Training;ORDINARY;30.08.2024;75;
Training;3;3;23;Powerlifting Basics;POWERLIFTING;31.08.2024;90;
Training;4;4;24;Advanced Calisthenics;CALISTHENICS;01.09.2024;45;
Training;5;5;25;Yoga for Relaxation;YOGA;02.09.2024;60;
Training;6;6;26;Core Pilates;PILATES;03.09.2024;50;
Training;7;7;27;Full Body Workout;ORDINARY;04.09.2024;70;
Training;8;8;28;Intense Powerlifting;POWERLIFTING;05.09.2024;80;
Training;9;9;29;Endurance Calisthenics;CALISTHENICS;06.09.2024;55;
Training;10;10;30;CrossFit Challenge;CROSSFIT;07.09.2024;90;
Training;11;11;31;Yoga Flexibility;YOGA;08.09.2024;40;
Training;12;12;32;Beginners Pilates;PILATES;09.09.2024;45;
Training;13;13;33;Functional Fitness;ORDINARY;10.09.2024;60;
Training;14;14;34;Powerlifting Power;POWERLIFTING;11.09.2024;90;
Training;15;15;35;Strength Calisthenics;CALISTHENICS;12.09.2024;60;
